clean_tweets,label
INFO Joy 's OST `` Introduce Me A Good Person '' reached Bugs Bugs +1 ‚Ä¶,happy
The We 're seeing shift amp find lit‚Ä¶,happy
Make someone SMILE With Monkey Hug Box ‚Ä¶,happy
Encrusted Pineapple Crystal Drop Dangle Earrings,happy
Pray Press Push Praise way right temporary season lives I Love praying f‚Ä¶,happy
Sitting thinking lucky I I ‚Äô good health I wonderful family great network fri‚Ä¶,happy
I love part Joy 's OST `` Introduce Me A Good Person '' much Joy 's beautiful clear vocal color layered her‚Ä¶,happy
FashionInTheHouse Get earrings fashion accessories wholesale price ‚Ä¶,happy
To JOY REDVELVET Please read time ‚Å† ‚Å† ‚Å†,happy
The informality family life blessed condition allows us become best looking worst St‚Ä¶,happy
INFO Joy 's OST `` Introduce Me A Good Person '' reached Bugs Bugs +1 ‚Ä¶,happy
There part nighttime ritual might LOVE rest solid I promise Find out‚Ä¶,happy
To extent Christianity influenced culture wickedness around us ‚Ä¶,happy
We go back laughing together Strength courage See soon ‚Äù Ô∏è,happy
M√≥r Muman The Thousandth Night Bruce Neeley Peace Joy amp Many Blessings always dear friends Ô∏èÔ∏èÔ∏è ‚Ä¶,happy
The Body The Body Redu Bruce Neeley Ô∏èÔ∏èÔ∏è,happy
But Breeze Nature Knows Bruce Neeley We nature Universe We de‚Ä¶,happy
INFO Joy 's OST `` Introduce Me A Good Person '' reached official instiz iChart ‚Ä¶,happy
Do n't forget I ‚Äô promise deliver best music I produce compose paired mos‚Ä¶,happy
INFO Joy 's OST `` Introduce Me A Good Person '' reached Bugs Bugs +1 ‚Ä¶,happy
`` He lives accordance complete sufficiently equipped external goods not‚Ä¶,happy
Meditation When I upset beside calmed cheered ‚Ä¶,happy
I love part Joy 's OST `` Introduce Me A Good Person '' much Joy 's beautiful clear vocal color layered her‚Ä¶,happy
Hi 'm Adewale making 'AFFORDABLE_WEARS area eertise waste time Slide DM r‚Ä¶,happy
INFO Joy 's OST `` Introduce Me A Good Person '' reached instiz iChart,happy
My black haired goddesses ctto,happy
I chosen good health ~Voltaire,happy
Please book A Click That Changed My Life TRUE STORY She biggest surprise life ‚Ä¶,happy
A great relationship n't happen love beginning well continue building love‚Ä¶,happy
Listening old records done early ‚Äô TBT sure sayü§ò ‚Ä¶,happy
It 's Friday So want Twitter friends sharing so‚Ä¶,happy
thatgunnabeagood1 best He makes laugh much,happy
Two days ago I shared post.. yes food still people asking enough toilet roll forever Please‚Ä¶,happy
No doubts No hesitation No regrets No one else Always,happy
Hatred blind well love ...,happy
INFO Joy 's OST `` Introduce Me A Good Person '' reached instiz iChart,happy
INFO Joy 's OST `` Introduce Me A Good Person '' reached Bugs Bugs +1 ‚Ä¶,happy
Always believe n't give n't forget focus wonderful good things bring life ‚Ä¶,happy
Original day Bermuda 1960s ‚Ä¶,happy
INFO Joy 's new OST `` Ï¢ãÏùÄ ÏÇ¨Îûå ÏûàÏúºÎ©¥ ÏÜåÍ∞úÏãúÏºúÏ§ò '' drama Hospital Playlist released March th pm KST Joy t‚Ä¶,happy
Man ‚Ä¶,happy
No doubts No hesitation No regrets No one else Always,happy
INFO Joy 's OST `` Introduce Me A Good Person '' reached Bugs Bugs +1 ‚Ä¶,happy
It 's international happiness day could make happier three beaming baby beavers log ‚Å£ Spy th‚Ä¶,happy
Live Psychic Reading via Messenger ¬£15 get insight guidanc‚Ä¶,happy
great sunday dear friends thanks a≈ükger√ßekse ‚Ä¶,happy
release OST k-drama ‚Äú Hospital Playlist ‚Äù March th Ô∏è,happy
It ‚Äô International Day Happiness ... And think photo speaks Sasha picture happiness Ô∏è‚Ä¶,happy
In midst chaos‚Äî I ‚Äô I Ô∏è Ô∏è,happy
idea much I ‚Äô falling love every second,happy
Titian Love Desire Death Now see n't take look collection‚Ä¶,happy
You know I found precious joy enjoyed much singing included clips mv song was‚Ä¶,happy
INFO Joy 's new OST `` Introduce Me A Good Person '' released Stone Music Entertainment Joy 's TLAHL‚Ä¶,happy
Just HAPPY,happy
Dolls ruled Venus goddess amp,happy
Now playing DJ Fudge Get On Your Feet.mp3 CLICK HERE To Listen -- gt lt -- ‚Ä¶,happy
I ‚Äô ‚Ä¶,happy
WHOEVER said amp CA N'T B ü§ó Haha They may play fightbut really DO B ‚Ä¶,happy
Our consistently high quality work positive friendly attitude team never fail put smile on‚Ä¶,happy
always respect everyone 's pronouns Even someone misgenders someone else polite kindly correc‚Ä¶,happy
Joy 've earned everything 've gotten deserve much You make happy ways I never even thoug‚Ä¶,happy
Love respect Love hate,happy
Brother ... ‚Ä¶,happy
Make someone SMILE With Monkey Hug Box ‚Ä¶,happy
It 's let 's share Ô∏è ‚Ä¶,happy
INFO Joy 's OST `` Introduce Me A Good Person '' reached Bugs Bugs +1 ‚Ä¶,happy
'Introduce good person :00PM KST Bugs +2 Naver +3 Genie Soribada +9 MelOn ‚Ä¶,happy
INFO Joy 's OST `` Introduce Me A Good Person '' reached Bugs Bugs +1 ‚Ä¶,happy
There still room kindness world Love one another patient amp continue smile ‚Ä¶,happy
INFO Joy 's OST `` Introduce Me A Good Person '' reached Bugs Bugs +1 ‚Ä¶,happy
Finland happiest country world third year running ‚Ä¶,happy
Mother Teresa said ‚Äî ‚Äú If want change world go home love family ‚Äù Some us chanc‚Ä¶,happy
I love part Joy 's OST `` Introduce Me A Good Person '' much Joy 's beautiful clear vocal color layered her‚Ä¶,happy
INFO Joy 's OST `` Introduce Me A Good Person '' reached Bugs Bugs +1 ‚Ä¶,happy
"INFO Joy 's new OST `` Introduce Me A Good Person '' drama Hospital Playlist ,000 views k l‚Ä¶",happy
Here ‚Äô I ‚Äô realizing ... people ‚Äô know relationships romantic friendships family ... they‚Ä¶,happy
Happy International Day Happiness March International Day Happiness year 's theme Ha‚Ä¶,happy
Stay,happy
INFO Joy 's new OST `` Introduce Me Good Person '' drama Hospital Playlist debuted Bugs Genie o‚Ä¶,happy
Edit Life frequently ruthlessly It 's masterpiece ... ‚Ä¶,happy
chosan ‚Ä¶,happy
INFO Joy back Melon 's Real Time Search hours release OST Let 's search Ï°∞Ïù¥ on‚Ä¶,happy
Be still earth speak '' ~Navajo proverb It stillness world emerges.Our thoughts communi‚Ä¶,happy
'Introduce good person :00PM KST DEBUT Bugs +1 Naver +40 Genie +2 Soribada +7 MelO‚Ä¶,happy
Faith fear We shall emerge victorious *Share remind everyone God us God good God fait‚Ä¶,happy
Dangerous fast spreading virus world Like RT ‚Ä¶,happy
INFO Joy 's new OST released today Please use hashtag show support Joy You c‚Ä¶,happy
INFO Joy back Melon 's Real Time Search hours release OST Let 's search Ï°∞Ïù¥ on‚Ä¶,happy
Bi-fold Genuine Leather Wallet Men,happy
INFO Joy 's OST `` Introduce Me A Good Person '' reached Bugs Bugs +1 ‚Ä¶,happy
INFO Joy 's OST `` Introduce Me A Good Person '' reached Bugs Bugs +1 ‚Ä¶,happy
'Times tough future feels uncertain But sure greater powers l‚Ä¶,happy
need tonic Jonathan Antoine Compass ‚Ä¶,happy
need right ‚Äô work And s‚Ä¶,happy
It 's -03-20T12:38:02.8332869Z ‚Ä¶,happy
There still room kindness world Love one another patient amp continue smile ‚Ä¶,happy
This gratify latest smile carrying series mobile accessories.‚Ä¶,happy
th,happy
'Introduce good person :00PM KST DEBUT Bugs +1 Naver +40 Genie +2 Soribada +7 MelO‚Ä¶,happy
INFO Joy back Melon 's Real Time Search hours release OST Let 's search Ï°∞Ïù¥ on‚Ä¶,happy
Today big tutor time Rang DeValera I discussed importance creating happiness And creat‚Ä¶,happy
Ô∏èmeaningful silence always better meaningless words lovely people.‚Ä¶,happy
'Introduce good person :00PM KST DEBUT Bugs new Genie new MelOn new Naver new ‚Ä¶,happy
In midst chaos‚Äî I ‚Äô I Ô∏è Ô∏è,happy
INFO Joy 's OST `` Introduce Me A Good Person '' reached instiz iChart,happy
One random plays I think I covers old love songs,happy
I every ‚Ä¶,happy
Ô∏è Happy Mother ‚Äô Day Ô∏è Ô∏è OCrafterÔ∏è Contact us Email Admin.com Website ‚Ä¶,happy
Mama nature given us good slap Time listened Like mother though forgive Do n't take worl‚Ä¶,happy
INFO Joy 's OST `` Introduce Me A Good Person '' reached instiz iChart,happy
‚Ä¶,happy
INFO Joy 's OST `` Introduce Me A Good Person '' reached Bugs Bugs +1 ‚Ä¶,happy
I love part Joy 's OST `` Introduce Me A Good Person '' much Joy 's beautiful clear vocal color layered her‚Ä¶,happy
Drop dance song comments ‚¨áÔ∏è Lantana Texas,happy
Free Mini-Course The Six Video Components The Replay -Day Mentorship Program taught create B‚Ä¶,happy
GOOD MORNING WORLD ‚Ä¢ ‚Ä¶,happy
INFO Joy 's OST `` Introduce Me A Good Person '' reached instiz iChart,happy
Today Persian As friends celebrating I want share wishes for‚Ä¶,happy
Happy International Day Happiness Take minute today consider truly makes happy p‚Ä¶,happy
INFO Joy 's OST `` Introduce Me A Good Person '' reached Bugs Bugs +1 ‚Ä¶,happy
make Easter Bunny focal point add t‚Ä¶,happy
Things That Will Make You Much Happier gt gt ‚Äã ‚Äã,happy
INFO Joy 's OST `` Introduce Me A Good Person '' reached instiz iChart ‚Ä¶,happy
let introduce new thangs introduce good person okay babies introduce anything want,happy
Get ready go get fresh air 's place better,happy
INFO Joy 's OST `` Introduce Me A Good Person '' reached Bugs Bugs +1 ‚Ä¶,happy
It 's let 's share .‚Ä¶,happy
Good morning Bulldogs We beautiful sunrise sky What bringing morning ‚Ä¶,happy
INFO Joy 's OST `` Introduce Me A Good Person '' reached Bugs Bugs +1 ‚Ä¶,happy
Christian Guided Meditation Your Heart Very Special Place,happy
We 're giving Sashka Co. friends To enter Follow Like retweet post‚Ä¶,happy
Live I love And I mu‚Ä¶,happy
Two days ago I shared post.. yes food still people asking enough toilet roll forever Please‚Ä¶,happy
INFO Joy 's OST `` Introduce Me A Good Person '' reached instiz iChart,happy
OFFICIAL Instagram Story updates,happy
'Introduce good person :30PM KST Bugs Naver +2 Genie +1 Soribada -2 MelOn ‚Ä¶,happy
Being comfortable home important What favorite part home right Leave comment‚Ä¶,happy
Wow amazing I reached followers Looking spread today If h‚Ä¶,happy
aside moment let 's think about.‚Ä¶,happy
INFO Joy 's OST `` Introduce Me A Good Person '' reached Bugs Bugs +1 ‚Ä¶,happy
INFO Joy back Melon 's Real Time Search hours release OST Let 's search Ï°∞Ïù¥ on‚Ä¶,happy
We inform Let ‚Äô meet ‚Äú RD ‚Äù Group new iface LLC using interface bas‚Ä¶,happy
Dolls ruled Venus goddess amp,happy
Only willing walk night able see closely beauty city lights ‚Ä¶,happy
INFO Joy 's OST `` Introduce Me A Good Person '' reached instiz iChart,happy
Super excited Destin Florida summer ‚Ä¶,happy
Here 's wishing everyone happy Navroz Stay safe fabulous start spring ‚Ä¶,happy
Do want entrepreneur If yes ‚Äô reason üßê Comment Below Tag entrepreneur ‚Ä¶,happy
Wishing U guys happy Friday Hope UR well Here ‚Äô take Cheers ‚Ä¶,happy
Please reconciliation son David I seen spoken many years Pray‚Ä¶,happy
Cobbolds Point Felitowe England sea groynes ____________________________ ‚Ä¶,happy
aristocratic looking coffee house,happy
New post COVID-19 Reshaping Life Society Work ... What 's Your New Normal Like published Open Mic‚Ä¶,happy
"Number US troops killed Afghanistan Iraq ,614 Number women period killed resul‚Ä¶",happy
Finland happiest country world third year running ‚Ä¶,happy
Cobbolds Point Felitowe England sea groynes ____________________________ ‚Ä¶,happy
Frankie Zola ‚Äú I know I ‚Äô always leave em swear I ‚Äô always love em ‚Äù ~Wale,happy
INFO Joy 's OST `` Introduce Me A Good Person '' reached Bugs Bugs +1 ‚Ä¶,happy
INFO Joy 's OST `` Introduce Me A Good Person '' reached Bugs Bugs +1 ‚Ä¶,happy
INFO Joy 's OST `` Introduce Me A Good Person '' reached Bugs Bugs +1 ‚Ä¶,happy
Hey everyone I hope ‚Äô ok strange times If ‚Äô position make donation many organizat‚Ä¶,happy
Two days ago I shared post.. yes food still people asking enough toilet roll forever Please‚Ä¶,happy
PersonalizedByHand ‚Ä¶,happy
Happy Ostara Everyone blessed day stay safe sending love light‚Ä¶,happy
... heroes need true heroes dark era Thank Art Fake ‚Ä¶,happy
I published Pandemic Brotherhood ‚Ä¶,happy
It 's important find ways celebrate difficult times Look faces celebrating 's‚Ä¶,happy
I implore us prayerfully study ponder Book Mormon day As position‚Ä¶,happy
Check It 's Love Story From Happily Ever After* Brand New Book* ‚Ä¶,happy
INFO Joy 's OST `` Introduce Me A Good Person '' reached instiz iChart,happy
INFO Joy 's OST title currently trending Naver 's Real Time Search Let 's search clicking link‚Ä¶,happy
Everything okay 'll seeü§ó ‚Ä¶,happy
Happy creatures,happy
INFO Joy 's OST `` Introduce Me A Good Person '' reached instiz iChart,happy
... heroes need true heroes dark era Thank Art Fake ‚Ä¶,happy
Being best means happiest ... healthiest ‚Ä¶,happy
The world needs love Ô∏èÔ∏èÔ∏è We ON SALE NOW Blown Glass MINI Heart Ornament Glass Heart Mother ‚Äô Day Girlfr‚Ä¶,happy
Happy Baby Life Is Like full ups downs twist turns still‚Ä¶,happy
What Spiritual Awakening gt gt gt ‚Ä¶,happy
Greenpeace talk every second breath ‚Ä¶,happy
Happy Friday ... Share Love ...,happy
'Introduce good person :00PM KST DEBUT Bugs +1 Naver +40 Genie +2 Soribada +7 MelO‚Ä¶,happy
Beautiful Silver Heart Earrings White Pearls Sterling Silver Hooks One kind Earrings,happy
So I 'm bit I 'm done lwith ranting,happy
INFO Joy 's OST `` Introduce Me A Good Person '' reached instiz iChart,happy
Oh Yes I It ‚Äô finally Stay healthy friends ‚Ä¶,happy
INFO Joy 's OST `` Introduce Me A Good Person '' reached instiz iChart ‚Ä¶,happy
Being comfortable home important What favorite part home right Leave comment‚Ä¶,happy
successmagazine Refill please,happy
INFO Joy 's OST `` Introduce Me A Good Person '' reached Bugs Bugs +1 ‚Ä¶,happy
It 's -03-20T12:33:02.3246838Z ‚Ä¶,happy
Do want share love quote lover Check sweet romantic quotes,happy
Of course concerned alarming situation trying level best provide maximum peop‚Ä¶,happy
What give energy grows Choose wisely Photo photographer Eric Hill ‚Ä¶,happy
We sorry activities services Discover DeCrypt suspended temporarily due Coronavir‚Ä¶,happy
Stay Happy amp Spread Happiness ‚Ä¶,happy
It 's important find ways celebrate difficult times Look faces celebrating 's‚Ä¶,happy
Thought For The Day ‚Ä¶,happy
Take time makes happy weekend üß° htt‚Ä¶,happy
I LOVE SO MUCH ALWAYS SUPPORT .. I miss I hope say please siwon407,happy
Add Happy Vibes life,happy
I LOVE I LOVE I LOVE I LOVE YOU SO MUCH I HOPE YOU SAY TO ME MY LOVE siwon407,happy
Everyone prepared solidly grocery store oddly quiet big blizzard supposed hit Ha‚Ä¶,happy
Wishing U guys happy Friday Hope UR well Here ‚Äô take Cheers ‚Ä¶,happy
Love platform laws commandments God function When place ‚Äô eect Scripture‚Ä¶,happy
Private Beach Home,happy
Two days ago I shared post.. yes food still people asking enough toilet roll forever Please‚Ä¶,happy
Hey everyone I hope ‚Äô ok strange times If ‚Äô position make donation many organizat‚Ä¶,happy
Two days ago I shared post.. yes food still people asking enough toilet roll forever Please‚Ä¶,happy
Life Is Simple ‚Ä¶,happy
The miniature Bed Canopy Crown I scratch main Bedroom Pembroke Grange So happy tur‚Ä¶,happy
Candy Colors Travel Suitcase Cover,happy
Good Morning I wish joy health struggling may find peace soul ‚Ä¶,happy
Number Bugs I 'm proud Joy You deserve much My main vocalist You 're incredible Joy I love m‚Ä¶,happy
INFO Joy 's OST `` Introduce Me A Good Person '' reached Bugs Bugs +1 ‚Ä¶,happy
'You given life ‚Äô strong enough live ... Stay positive even feels like who‚Ä¶,happy
Dangerous fast spreading virus world Like RT ‚Ä¶,happy
'Introduce good person :30PM KST Bugs Naver +2 Genie +1 Soribada -2 MelOn ‚Ä¶,happy
You know I found precious joy enjoyed much singing included clips mv song was‚Ä¶,happy
Sending many thanks first responders healthcare pharmacy bank airport super market truck dr‚Ä¶,happy
INFO Joy 's OST `` Introduce Me A Good Person '' reached Bugs Bugs +1 ‚Ä¶,happy
Plant love let grow ‚Äù,happy
Two days ago I shared post.. yes food still people asking enough toilet roll forever Please‚Ä¶,happy
Number Bugs I 'm proud Joy You deserve much My main vocalist You 're incredible Joy I love‚Ä¶,happy
WHOEVER said amp CA N'T B ü§ó Haha They may play fightbut really DO B ‚Ä¶,happy
Joy Introduce Me Good Person Korean Charts pm KST Melon +10 Genie +2 Bugs +1 Soribada +7 ‚Ä¶,happy
'Introduce good person :00PM KST DEBUT Bugs +1 Naver +40 Genie +2 Soribada +7 MelO‚Ä¶,happy
The value eerience seeing much seeing wisely William Osler,happy
I miss,happy
amp ‚Ä¶,happy
INFO Joy back Melon 's Real Time Search hours release OST Let 's search Ï°∞Ïù¥ on‚Ä¶,happy
Let ‚Äô get together fabulous platform ü§ç ‚Å¶‚Å© could please use magic Here ‚Äô recent m‚Ä¶,happy
Once get back feet pay forward The absolutely incredibl‚Ä¶,happy
Science organized knowledge ‚Ä¶,happy
Gooood morning I ‚Äô lookout morning If know anyone lending North‚Ä¶,happy
..He still WITH US He cares YOUü§ó Don ‚Äô let get drowned headlines..‚Ä¶,happy
We may going anywhere soon still FriYAY feeling right Ô∏è ‚Ä¢ ‚Ä¢ ‚Ä¢ ‚Ä¶,happy
The darkest hours come rise new dawn FEAR NOT future planet The light always w‚Ä¶,happy
Scarlet Macaw Camera D610 Lens AF-S VR Zoom-Nikkor -300mm f/4.5-5.6G IF-ED mm f/5.6 ISO /16‚Ä¶,happy
Success comes stop making excuses ‚Ä¶,happy
`` There point He ends history point Jesus actively looking sinners redeem.‚Ä¶,happy
favorite Joy ü•∞ stream,happy
Today let ‚Äô spread happiness Comment one thing makes ‚Ä¶,happy
helps confinement..,happy
`` Areas around Herod ‚Äô Temple `` Ô∏è Like Share Comment Pray Ô∏è Follow Us Facebook Twitte‚Ä¶,happy
There still room kindness world Love one another patient amp continue smile ‚Ä¶,happy
If walk joy happiness close behind Todd Stocker,happy
Sloane Stevens First Grand Slam gorgeous Lady today Birthday Girl,happy
Peace upon pure heart Your pulse playing words On souls ringing .. All features passed‚Ä¶,happy
`` Areas around Herod ‚Äô Temple `` Ô∏è Like Share Comment Pray Ô∏è Follow Us Facebook Twitter |‚Ä¶,happy
Science organized knowledge ‚Ä¶,happy
Which one vote ‚Ä¶,happy
R‚ààTW‚àà‚ààT NEED MORE FOLLOWERS Join RT share,happy
Today It may seem uncertain amp challenging times 's ex‚Ä¶,happy
Joystagram 4P,happy
Chaim Gleitmann CIPS Real Estate Consultant Connecting Real Estate around world,happy
Stay positive today smile Chris,happy
Now You Can Palm The Samsung Galaxy Fold In Cosmos Black With Unlimited Minuets/Text amp GB G Data Order Exclusi‚Ä¶,happy
Play drinking game Watch ‚Äú The Road I ‚Äô On ‚Äù documentary take shot every time Gart‚Ä¶,happy
Doctors ü•º Nork Infectious Clinical Hospital üá¶üá≤ launched `` We stay work for‚Ä¶,happy
Play drinking game Watch ‚Äú The Road I ‚Äô On ‚Äù documentary take shot every time Gart‚Ä¶,happy
What give energy grows Choose wisely Photo photographer Eric Hill ‚Ä¶,happy
INFO Joy 's OST `` Introduce Me A Good Person '' reached Bugs Bugs +1 ‚Ä¶,happy
Happy creatures,happy
You love I love You hate I still,happy
Know save time clinic visits ‚Ñ¢ Read ‚Ä¶,happy
New Sterling Silver amp Cubic Zirconia 'Mum heart necklace `` chain eBay ‚Ä¶,happy
'Introduce good person :30PM KST Bugs Naver +2 Genie +1 Soribada -2 MelOn ‚Ä¶,happy
INFO Joy 's OST `` Introduce Me A Good Person '' reached Bugs Bugs +1 ‚Ä¶,happy
What days improve,happy
Iam happy,happy
ü§öAlfie wanted send big ü§ö Ô∏èWe hope ‚Äô keeping enjoying filling your‚Ä¶,happy
Sorry loss The pain equal greater you‚Ä¶,happy
Let 's pledge happy World Happiness Day Be strong stay safe stay united ‚Ä¶,happy
I love part Joy 's OST `` Introduce Me A Good Person '' much Joy 's beautiful clear vocal color layered her‚Ä¶,happy
Happy creatures,happy
'T first day spring ... badly tainted things ... allow bring little something ... ‚Ä¶,happy
For wanting break barrage not-so-good-news I 'm giving away story abou‚Ä¶,happy
INFO Joy 's OST `` Introduce Me A Good Person '' reached Bugs Bugs +1 ‚Ä¶,happy
... heroes need true heroes dark era Thank Art Fake ‚Ä¶,happy
Two days ago I shared post.. yes food still people asking enough toilet roll forever Please‚Ä¶,happy
There many things thankful life Be thankful internet reach each‚Ä¶,happy
INFO Joy 's OST `` Introduce Me A Good Person '' reached Bugs Bugs +1 ‚Ä¶,happy
release OST k-drama ‚Äú Hospital Playlist ‚Äù March th Ô∏è,happy
INFO Joy 's new OST `` Introduce Me A Good Person '' places Melon Genie to‚Ä¶,happy
INFO Joy 's OST `` Introduce Me A Good Person '' reached Bugs Bugs +1 ‚Ä¶,happy
This going first live tweeting,happy
Oh Yes I It ‚Äô finally Stay healthy friends ‚Ä¶,happy
Sing somebody daughter quarantine Song I ‚Äô Love Ô∏è,happy
INFO Joy 's new OST released today Please use hashtag show support Joy You c‚Ä¶,happy
carried love seasons ‚Ä¶,happy
INFO Joy 's OST `` Introduce Me A Good Person '' reached Bugs Bugs +1 ‚Ä¶,happy
INFO Joy back Melon 's Real Time Search hours release OST Let 's search Ï°∞Ïù¥ on‚Ä¶,happy
I love part Joy 's OST `` Introduce Me A Good Person '' much Joy 's beautiful clear vocal color layered her‚Ä¶,happy
Be safe happy.. ‚Ä¶,happy
`` What hell I maintain suffering unable love '',happy
INFO Joy 's OST `` Introduce Me A Good Person '' reached Bugs Bugs +1 ‚Ä¶,happy
-In-1 Vacuum Pore Cleaner Blackhead Remover,happy
GET UP We know 's sausage underneath big fat belly ‚Ä¶,happy
üá¨üáß üá¨üáß,happy
Dope days chill nights good company mellow vibes ‚Ä¶,happy
Good Morning beautiful Friday Sending,happy
He lives simba bless,happy
QuantInsti We welcome newest member Chainika Thakar ThakarChainika joined us in‚Ä¶,happy
`` Do things love '' Corinthians :14,happy
Free art Please retweet original message across world ‚Ä¶,happy
Sometimes person everyone else needs someone ‚Ä¶,happy
Refill please,happy
WHOEVER said amp CA N'T B ü§ó Haha They may play fightbut really DO B ‚Ä¶,happy
Good Morning Ô∏è PRMS Ô∏è FREE virtual CharacterStrong assembly today pm ‚Ä¶,happy
What 's dinner guys This pic captured village India üáÆüá≥ ‚Ä¶,happy
The One Only Spike Lee today Birthday,happy
I think little one watching much Oh age know going world I‚Ä¶,happy
Two days ago I shared post.. yes food still people asking enough toilet roll forever Please‚Ä¶,happy
As soon I imagine without clothes immediately flood Do n't ask ‚Ä¶,happy
Thanks support guys ‚Ä¶,happy
good Morning beautiful Friday Sending amp lovely lady,happy
INFO Joy 's OST `` Introduce Me A Good Person '' reached Bugs Bugs +1 ‚Ä¶,happy
Where HOPE today Where find joy peace They 're found believing trusting Let 's ABOUND hop‚Ä¶,happy
The way I see ‚Ä¶,happy
Beautiful Silver Heart Earrings White Pearls Sterling Silver Hooks One kind Earrings,happy
Hey everyone I hope ‚Äô ok strange times If ‚Äô position make donation many organizat‚Ä¶,happy
Toshibabts.gcc.com Contact us want become Toshiba Batteries distributor agent Iran Middl‚Ä¶,happy
All journeys secret destinations traveller unaware ‚Ä¶,happy
Vanessa Bell Calloway today Birthday Queen,happy
Give children love world Or else might see seeking wrong places wrong‚Ä¶,happy
OVERCOMING ‚Ä¶,happy
TravGneiss InnerBattles NOW STREAMING LINK IN BIO ‚Äî‚Äî‚Äî‚Äî‚Äî‚Äî‚Äî‚Äî‚Äî‚Äî‚Äî‚Äî‚Äî‚Äì TravGneiss- InnerBattles 3-20-20 ‚Äî‚Äî‚Äî‚Äî‚Äî‚Äî‚Äî‚Äî‚Äî‚Äî‚Äî‚Äî‚Äî‚Äî‚Ä¶,happy
INFO Joy back Melon 's Real Time Search hours release OST Let 's search Ï°∞Ïù¥ on‚Ä¶,happy
helps confinement..,happy
Joy Introduce Me Good Person Korean Charts pm KST Melon +10 Genie +2 Bugs +1 Soribada +7 ‚Ä¶,happy
INFO Joy 's OST `` Introduce Me A Good Person '' reached Bugs Bugs +1 ‚Ä¶,happy
This This come day working hospital ‚Ä¶,happy
duo share announce moves spread fans weekly onli‚Ä¶,happy
I going commit keep I see safe I in‚Ä¶,happy
Things change forever Get VR guys see side ‚Ä¶,happy
Early Friday morning Upload GoodMorning ‚Ä¶,happy
... heroes need true heroes dark era Thank Art Fake ‚Ä¶,happy
INFO Joy 's OST `` Introduce Me A Good Person '' reached Bugs Bugs +1 ‚Ä¶,happy
Nature good company times ‚Ä¶,happy
Learn yesterday work hard today believe tomorrow Kim Fergie Ferguson ‚Ä¶,happy
Two days ago I shared post.. yes food still people asking enough toilet roll forever Please‚Ä¶,happy
We welcome newest member Chainika Thakar joined us Co‚Ä¶,happy
Now playing DJDrop mix CLICK HERE To Listen -- gt lt -- ‚Ä¶,happy
A Breath Exercise Suffering Joy ‚Ä¶,happy
Be still earth speak '' ~Navajo proverb It stillness world emerges.Our thoughts com‚Ä¶,happy
It ‚Äô International Day Happiness ... And think photo speaks Sasha picture happiness Ô∏è‚Ä¶,happy
humming Sunday School childhood favorite Sing along W‚Ä¶,happy
Always said dont love anyone anymore decent thing tell deserve know star‚Ä¶,happy
To doctor 's nurses healthcare workers first responders water/wastewater operators electricians people wor‚Ä¶,happy
The fact failures To anyone reads loves Joy Red Velvet thank Thank lov‚Ä¶,happy
INFO Joy 's OST title currently trending Naver 's Real Time Search Let 's search clicking link‚Ä¶,happy
The answer I came thought DM ‚Ä¶,happy
Work ass everyday Stand others What done 's wrong Absolutely nothing‚Ä¶,happy
WHOEVER said amp CA N'T B ü§ó Haha They may play fightbut really DO B ‚Ä¶,happy
coldrockcakes Get spooning Cold Rock Game Night Take Home pack Now UberEATS mix-ins 24 M‚Ä¶,happy
Why God wants Jesus ‚Äô TOKEN NAME rather His birth NAME See ‚Äô difference hi‚Ä¶,happy
INFO Joy 's OST `` Introduce Me A Good Person '' reached Bugs Bugs +1 ‚Ä¶,happy
INFO Joy 's OST `` Introduce Me A Good Person '' reached Bugs Bugs +1 ‚Ä¶,happy
INFO Joy 's OST `` Introduce Me A Good Person '' reached Bugs Bugs +1 ‚Ä¶,happy
Sorry This Beard Taken Valentine Day Shirt ‚Ä¶,happy
INFO Joy 's OST `` Introduce Me A Good Person '' reached Bugs Bugs +1 ‚Ä¶,happy
Happy creatures,happy
Now playing DJDrop mix CLICK HERE To Listen -- gt lt -- ‚Ä¶,happy
Today ever need find things makes us .With global crisis need face togethe‚Ä¶,happy
stay home ‚Ä¶,happy
Always look joy journey,happy
Sound On Lights On Hearts lifted Ô∏è We first confirmed case Cheatham County Tennessee today.‚Ä¶,happy
nan,happy
release OST k-drama ‚Äú Hospital Playlist ‚Äù March th Ô∏è,happy
Thinking back simpler times gardens Mickey Mouse shoes things I worried major S‚Ä¶,happy
Smile Please ‚Ä¶,happy
During trying times let 's focus minutes kindness happiness love This time anger.‚Ä¶,happy
Lovely Bhabhi Bushra Aamir much Soldier Lady üß¢,happy
Two days ago I shared post.. yes food still people asking enough toilet roll forever Please‚Ä¶,happy
One Book One Word One Message One Creator Heaven Earth ‚Ä¶,happy
nan,happy
The way I see ‚Ä¶,happy
Two days ago I shared post.. yes food still people asking enough toilet roll forever Please‚Ä¶,happy
INFO release OST drama `` Hospital Playlist '' ‚Äò Ï¢ãÏùÄ ÏÇ¨Îûå ÏûàÏúºÎ©¥ ÏÜåÍ∞úÏãúÏºúÏ§ò ‚Äô literal translation 'If There 's Some‚Ä¶,happy
INFO Joy 's OST `` Introduce Me A Good Person '' reached Bugs Bugs +1 ‚Ä¶,happy
omg reactions youtube far joys ost ü•∫,happy
Finland happiest country world third year running ‚Ä¶,happy
Monster Kpop Joy Yeri lost passport made Joy laugh,happy
's No.1 food hub Eating got eazzy ‚Ä¶,happy
Stay calm stay well look loved ones ü§ó ‚Ä¶,happy
Be Thankful Trust Believe,happy
'Introduce good person :00PM KST DEBUT Bugs new Genie new MelOn new Naver new ‚Ä¶,happy
Everyone needs little bit extra right ‚Ä¶,happy
White Clouds Blue Sky Resin Glass Ball Pendant Necklace Terrarium Fashion Gift 1.49End Date Tuesday Mar-31-2020..‚Ä¶,happy
The International Beauty Contest `` Miss Perfection `` ‚Ä¶,happy
couple `` You saved us Amiamo l ci avete salvato dim‚Ä¶,happy
INFO Joy 's OST title currently trending Naver 's Real Time Search Let 's search clicking link‚Ä¶,happy
I would love hear Mrs Hathaway I blast `` Donny '',happy
'Introduce good person :30PM KST Bugs Naver +2 Genie +1 Soribada -2 MelOn ‚Ä¶,happy
... shows person Anton Chekhov,happy
GENIE Search Introduce good person +10,happy
Retweet daddies love cute little tight curvy body,happy
Hey everyone I hope ‚Äô ok strange times If ‚Äô position make donation many organizat‚Ä¶,happy
The world needs love Ô∏èÔ∏èÔ∏è We ON SALE NOW Blown Glass MINI Heart Ornament Glass Heart Mother ‚Äô Day Girlfr‚Ä¶,happy
God desires essence ... Writings ‚Ä¶,happy
My favorite restaurants reopened means 're back normal life ‚Ä¶,happy
WHOEVER said amp CA N'T B ü§ó Haha They may play fightbut really DO B ‚Ä¶,happy
I AMAZING people life ... I reposted FB minutes ago I get notification Cash‚Ä¶,happy
's No.1 food hub Eating got eazzy ‚Ä¶,happy
INFO Joy 's new OST `` Introduce Me Good Person '' drama Hospital Playlist debuted Bugs Genie o‚Ä¶,happy
I n't Quit ‚Ä¶,happy
INFO Joy 's new OST `` Hospital Playlist '' released today Here 's link stream Official Mus‚Ä¶,happy
Two days ago I shared post.. yes food still people asking enough toilet roll forever Please‚Ä¶,happy
ü¶ã Here ‚Äô mantra always aligns true North Who I really hurt anything I source‚Ä¶,happy
... heroes need true heroes dark era Thank Art Fake ‚Ä¶,happy
Our Beautiful Moon ‚Ä¶,happy
stay home ‚Ä¶,happy
